,Region,mfd
0,0,-0.02927 n + 43.4 n + 55.47
1,1,-0.01098 n + 33.28 n + 24.64
2,2,-0.008288 n + 35.57 n + 176.3
3,3,-0.004298 n + 31.39 n + 274.1
4,4,-0.003728 n + 61.32 n + 7920
5,5,-0.006339 n + 32.3 n + 68.51
6,6,-0.02039 n + 28.29 n + 124.7
7,7,-0.02434 n + 34.38 n - 35.81
8,8,-0.01069 n + 27.93 n + 283.6
